{
  "x": [
    0.05,
    0.1,
    0.15000000000000002,
    0.2,
    0.25,
    0.30000000000000004,
    0.35000000000000003,
    0.4,
    0.45,
    0.5,
    0.55,
    0.6000000000000001,
    0.65,
    0.7000000000000001,
    0.75,
    0.8,
    0.8500000000000001,
    0.9,
    0.9500000000000001,
    1.0
  ],
  "epsilon_greedy": [
    3.64,
    -2.31,
    -0.15,
    -2.13,
    1.79,
    -0.49,
    -0.36,
    -2.25,
    5.67,
    7.48,
    7.66,
    8.17,
    8.14,
    8.57,
    7.77,
    7.44,
    8.03,
    8.01,
    8.46,
    7.84
  ]
}