{
  "0": {
    "best_result": 4965622088.720437,
    "average": 47352177372.83292
  },
  "1": {
    "best_result": 103.43738566881908,
    "average": 69939.65662385119
  },
  "2": {
    "best_result": 100.25225065222367,
    "average": 2299.675644077151
  },
  "3": {
    "best_result": 100.65639059909405,
    "average": 1531.755294806071
  },
  "4": {
    "best_result": 100.67411535753494,
    "average": 1568.948473287405
  },
  "5": {
    "best_result": 136.18507561755342,
    "average": 1954.1687626749429
  },
  "6": {
    "best_result": 100.00570992176434,
    "average": 1559.636350328136
  },
  "7": {
    "best_result": 101.97216547580418,
    "average": 1909.7221064759915
  },
  "8": {
    "best_result": 119.01616410500561,
    "average": 1794.0926655216567
  },
  "9": {
    "best_result": 100.60734684316267,
    "average": 2219.1167191470145
  },
  "10": {
    "best_result": 100.00751395460235,
    "average": 1103.5677462421122
  },
  "11": {
    "best_result": 100.17391293214808,
    "average": 1450.6840503245817
  },
  "12": {
    "best_result": 100.00220110377563,
    "average": 1305.5901835969055
  },
  "13": {
    "best_result": 104.45960021422889,
    "average": 2148.528205698889
  },
  "14": {
    "best_result": 100.57946591956521,
    "average": 1472.6105592394908
  },
  "15": {
    "best_result": 101.82597708280312,
    "average": 1668.1525698068415
  },
  "16": {
    "best_result": 112.84099320894268,
    "average": 2231.891621053112
  },
  "17": {
    "best_result": 100.20688954341712,
    "average": 1814.2703306004855
  },
  "18": {
    "best_result": 110.51248470374578,
    "average": 2085.93467570298
  },
  "19": {
    "best_result": 100.0814723070303,
    "average": 4979.7364600451865
  },
  "20": {
    "best_result": 17294880614.94311,
    "average": 57359455917.96839
  }
}