{
  "0.5": {
    "best_result": 100.80519191091328,
    "average": 1835.5963723973248
  },
  "1.0": {
    "best_result": 105.44369174411341,
    "average": 2464.4394841681533
  },
  "1.5": {
    "best_result": 100.49964408137485,
    "average": 1862.03504073616
  },
  "2.0": {
    "best_result": 100.01082992949927,
    "average": 2144.389823647076
  },
  "2.5": {
    "best_result": 100.00049392473488,
    "average": 1342.6144173623816
  },
  "3.0": {
    "best_result": 100.24549861826338,
    "average": 2650.4473186984087
  },
  "3.5": {
    "best_result": 100.012703613146,
    "average": 1794.5761803124678
  },
  "4.0": {
    "best_result": 101.59183300637646,
    "average": 1545.1777913016622
  },
  "4.5": {
    "best_result": 100.18223991016961,
    "average": 1699.7885653209037
  },
  "5.0": {
    "best_result": 102.72616963491532,
    "average": 1502.5645021261514
  },
  "5.5": {
    "best_result": 106.53955558491155,
    "average": 1913.400452478711
  },
  "6.0": {
    "best_result": 100.16350255580838,
    "average": 2071.0691205271414
  },
  "6.5": {
    "best_result": 100.04296964744292,
    "average": 2018.3988560572386
  },
  "7.0": {
    "best_result": 101.05117757796602,
    "average": 2862.977185557076
  },
  "7.5": {
    "best_result": 100.00652902494588,
    "average": 1713.2217357157826
  },
  "8.0": {
    "best_result": 102.15097930654122,
    "average": 2369.658098747385
  },
  "8.5": {
    "best_result": 104.12505306134574,
    "average": 2102.2385475068495
  },
  "9.0": {
    "best_result": 100.24544352011871,
    "average": 2774.5081442747633
  },
  "9.5": {
    "best_result": 100.21268935010372,
    "average": 3875.715530617946
  },
  "10.0": {
    "best_result": 100.02496115674819,
    "average": 2341.888923116862
  }
}