{
  "5": {
    "best_result": 116.64945467836552,
    "average": 3019773.011748761
  },
  "15": {
    "best_result": 103.74740685136422,
    "average": 1967.2488594597453
  },
  "25": {
    "best_result": 100.09927531716008,
    "average": 942.158569883952
  },
  "35": {
    "best_result": 103.38171745487212,
    "average": 1008.4240354570783
  },
  "45": {
    "best_result": 100.06958630217494,
    "average": 843.3082223284583
  },
  "55": {
    "best_result": 100.09488867163982,
    "average": 708.0526614841348
  },
  "65": {
    "best_result": 100.81598173278036,
    "average": 754.2152142261695
  },
  "75": {
    "best_result": 102.37646229356166,
    "average": 602.1328341944268
  },
  "85": {
    "best_result": 100.00655933040176,
    "average": 646.9779623175233
  },
  "95": {
    "best_result": 100.00985194377319,
    "average": 397.5290006374682
  }
}