{
  "0": {
    "best_result": 1016.790712257631,
    "average": 1557.8836651806178
  },
  "1": {
    "best_result": 900.0000000857626,
    "average": 913.0416311103551
  },
  "2": {
    "best_result": 900.000000000002,
    "average": 912.2130491160824
  },
  "3": {
    "best_result": 900.0000000001189,
    "average": 918.5128315221009
  },
  "4": {
    "best_result": 900.0000000000502,
    "average": 916.8261625636025
  },
  "5": {
    "best_result": 900.0000000000277,
    "average": 913.1026294860727
  },
  "6": {
    "best_result": 900.0000000000013,
    "average": 907.1536134018102
  },
  "7": {
    "best_result": 900.000000000005,
    "average": 915.6785510508423
  },
  "8": {
    "best_result": 900.0000000000023,
    "average": 905.3911166438306
  },
  "9": {
    "best_result": 900.0000000000065,
    "average": 917.1447326032162
  },
  "10": {
    "best_result": 900.0000000000017,
    "average": 910.8984302829148
  },
  "11": {
    "best_result": 900.0000000000023,
    "average": 912.5350898125002
  },
  "12": {
    "best_result": 900.0000000000005,
    "average": 913.398821493614
  },
  "13": {
    "best_result": 900.0000000000093,
    "average": 923.2129981889044
  },
  "14": {
    "best_result": 900.0000000000006,
    "average": 905.320981826469
  },
  "15": {
    "best_result": 900.0000000000099,
    "average": 904.9610062666692
  },
  "16": {
    "best_result": 900.0000000000108,
    "average": 914.3611592023683
  },
  "17": {
    "best_result": 900.0000000000024,
    "average": 907.0883913386596
  },
  "18": {
    "best_result": 900.0000000000203,
    "average": 922.9356733674248
  },
  "19": {
    "best_result": 900.0000000001626,
    "average": 922.7857460620633
  },
  "20": {
    "best_result": 1139.8731236637454,
    "average": 1761.1138164462297
  }
}