{"0.5": {"best_result": 900.0000000000008, "average": 925.9675214554055}, "1.0": {"best_result": 900.0000000000242, "average": 907.2175417336264}, "1.5": {"best_result": 900.0000000000023, "average": 904.5605140412756}, "2.0": {"best_result": 900.0000000000001, "average": 910.4212587600623}, "2.5": {"best_result": 900.0000000000002, "average": 902.5268327592116}, "3.0": {"best_result": 900.0000000000006, "average": 909.2926709027505}, "3.5": {"best_result": 900.0000000000014, "average": 905.1334179219443}, "4.0": {"best_result": 900.0000000000011, "average": 903.3166885322105}, "4.5": {"best_result": 900.0000000000006, "average": 903.6170001032016}, "5.0": {"best_result": 900.0000000000141, "average": 900.4146155237136}, "5.5": {"best_result": 900.0000000000015, "average": 900.3554433345472}, "6.0": {"best_result": 900.0000000000008, "average": 900.6134123367575}, "6.5": {"best_result": 900.0000000000024, "average": 904.1901563420762}, "7.0": {"best_result": 900.0000000000001, "average": 900.6360334152486}, "7.5": {"best_result": 900.0000000000001, "average": 905.0705862291447}, "8.0": {"best_result": 900.0000000000009, "average": 900.1243894254965}, "8.5": {"best_result": 900.0000000000024, "average": 900.0108771329935}, "9.0": {"best_result": 900.0000000000034, "average": 902.3369051767655}, "9.5": {"best_result": 900.0000000000018, "average": 900.0921679671136}, "10.0": {"best_result": 900.0000000000003, "average": 900.0071622763684}}