{
  "5": {
    "best_result": 901.3398154033906,
    "average": 2064.6257763566364
  },
  "15": {
    "best_result": 900.0000000002132,
    "average": 930.7783763214726
  },
  "25": {
    "best_result": 900.0000000000002,
    "average": 903.2992355155318
  },
  "35": {
    "best_result": 900.0000000000002,
    "average": 900.1236886194059
  },
  "45": {
    "best_result": 900.0000000000001,
    "average": 900.088584101753
  },
  "55": {
    "best_result": 900.0,
    "average": 900.0090864808312
  },
  "65": {
    "best_result": 900.0,
    "average": 900.000000000063
  },
  "75": {
    "best_result": 900.0000000000001,
    "average": 900.0000000000448
  },
  "85": {
    "best_result": 900.0000000000001,
    "average": 900.0000000001803
  },
  "95": {
    "best_result": 900.0,
    "average": 900.0000000000213
  }
}