{"x": [0.9933333333333333, 0.9866666666666667, 0.98, 0.9733333333333334, 0.9666666666666667, 0.96, 0.9533333333333334, 0.9466666666666667, 0.94, 0.9333333333333333, 0.9266666666666666, 0.92, 0.9133333333333333, 0.9066666666666666, 0.9, 0.8933333333333333, 0.8866666666666667, 0.88, 0.8733333333333333, 0.8666666666666667, 0.86, 0.8533333333333334, 0.8466666666666667, 0.84, 0.8333333333333334, 0.8266666666666667, 0.82, 0.8133333333333334, 0.8066666666666666, 0.8, 0.7933333333333333, 0.7866666666666666, 0.78, 0.7733333333333333, 0.7666666666666667, 0.76, 0.7533333333333333, 0.7466666666666667, 0.74, 0.7333333333333333, 0.7266666666666667, 0.72, 0.7133333333333334, 0.7066666666666667, 0.7, 0.6933333333333334, 0.6866666666666666, 0.68, 0.6733333333333333, 0.6666666666666666, 0.66, 0.6533333333333333, 0.6466666666666666, 0.64, 0.6333333333333333, 0.6266666666666667, 0.62, 0.6133333333333333, 0.6066666666666667, 0.6, 0.5933333333333334, 0.5866666666666667, 0.58, 0.5733333333333334, 0.5666666666666667, 0.56, 0.5533333333333333, 0.5466666666666666, 0.54, 0.5333333333333333, 0.5266666666666666, 0.52, 0.5133333333333333, 0.5066666666666667, 0.5, 0.49333333333333335, 0.4866666666666667, 0.48, 0.47333333333333333, 0.4666666666666667, 0.46, 0.4533333333333333, 0.44666666666666666, 0.44, 0.43333333333333335, 0.4266666666666667, 0.42, 0.41333333333333333, 0.4066666666666667, 0.4, 0.3933333333333333, 0.38666666666666666, 0.38, 0.37333333333333335, 0.36666666666666664, 0.36, 0.35333333333333333, 0.3466666666666667, 0.34, 0.3333333333333333, 0.32666666666666666, 0.32, 0.31333333333333335, 0.30666666666666664, 0.3, 0.29333333333333333, 0.2866666666666667, 0.28, 0.2733333333333333, 0.26666666666666666, 0.26, 0.25333333333333335, 0.24666666666666667, 0.24, 0.23333333333333334, 0.22666666666666666, 0.22, 0.21333333333333335, 0.20666666666666667, 0.2, 0.19333333333333333, 0.18666666666666668, 0.18, 0.17333333333333334, 0.16666666666666666, 0.16, 0.15333333333333332, 0.14666666666666667, 0.14, 0.13333333333333333, 0.12666666666666668, 0.12, 0.11333333333333333, 0.10666666666666667, 0.1, 0.09333333333333334, 0.08666666666666667, 0.08, 0.07333333333333333, 0.06666666666666667, 0.06, 0.05333333333333334, 0.04666666666666667, 0.04, 0.03333333333333333, 0.02666666666666667, 0.02, 0.013333333333333334, 0.006666666666666667], "y": [0.33557046979865773, 0.33783783783783783, 0.3401360544217687, 0.3356164383561644, 0.33793103448275863, 0.3333333333333333, 0.3356643356643357, 0.3380281690140845, 0.6737588652482269, 0.6714285714285714, 0.7338129496402878, 0.7318840579710145, 0.7299270072992701, 0.8455882352941176, 0.8518518518518519, 0.7910447761194029, 0.9323308270676691, 0.9318181818181818, 0.9312977099236641, 0.9538461538461539, 0.9534883720930233, 0.953125, 0.952755905511811, 0.9523809523809523, 0.96, 0.9596774193548387, 0.959349593495935, 0.9590163934426229, 0.9504132231404959, 0.9666666666666667, 0.9663865546218487, 0.9661016949152542, 0.9572649572649573, 0.9568965517241379, 0.9568965517241379, 0.956140350877193, 0.9646017699115044, 0.9642857142857143, 0.963963963963964, 0.9636363636363636, 0.963302752293578, 0.9629629629629629, 0.9626168224299065, 0.9622641509433962, 0.9619047619047619, 0.9615384615384616, 0.9611650485436893, 0.9611650485436893, 0.9603960396039604, 0.96, 0.9595959595959596, 0.9591836734693877, 0.9587628865979382, 0.9583333333333334, 0.9578947368421052, 0.9574468085106383, 0.956989247311828, 0.9565217391304348, 0.9560439560439561, 0.9555555555555556, 0.9550561797752809, 0.9545454545454546, 0.9540229885057471, 0.9534883720930233, 0.9647058823529412, 0.9647058823529412, 0.963855421686747, 0.9634146341463414, 0.9629629629629629, 0.9625, 0.9620253164556962, 0.9615384615384616, 0.961038961038961, 0.9605263157894737, 0.96, 0.9594594594594594, 0.958904109589041, 0.9722222222222222, 0.971830985915493, 0.9714285714285714, 0.9710144927536232, 0.9705882352941176, 0.9701492537313433, 0.9696969696969697, 0.9692307692307692, 0.96875, 0.9682539682539683, 0.967741935483871, 0.9672131147540983, 0.9666666666666667, 0.9661016949152542, 0.9655172413793104, 0.9649122807017544, 0.9821428571428571, 0.9818181818181818, 0.9629629629629629, 0.9622641509433962, 0.9615384615384616, 0.9615384615384616, 0.96, 0.9591836734693877, 0.9583333333333334, 0.9574468085106383, 0.9565217391304348, 0.9555555555555556, 0.9545454545454546, 0.9767441860465116, 0.9767441860465116, 0.975609756097561, 0.975, 0.9743589743589743, 1.0, 1.0, 1.0, 1.0, 1.0, 1.0, 1.0, 1.0, 1.0, 1.0, 1.0, 1.0, 1.0, 1.0, 1.0, 1.0, 1.0, 1.0, 1.0, 1.0, 1.0, 1.0, 1.0, 1.0, 1.0, 1.0, 1.0, 1.0, 1.0, 1.0, 1.0, 1.0, 1.0, 1.0, 1.0, 1.0, 1.0, 1.0]}